Role,Skills
Data Scientist,"Python, ML, Statistics, SQL, Pandas"
Data Analyst,"Excel, SQL, Python, Data Visualization, Power BI"
Machine Learning Engineer,"Python, ML, TensorFlow, Scikit-learn, Deployment"
AI Engineer,"Python, Deep Learning, NLP, TensorFlow"
Cloud Engineer,"AWS, GCP, Networking, Linux, Docker"
DevOps Engineer,"Docker, Kubernetes, CI/CD, AWS, Linux"
Frontend Developer,"HTML, CSS, JavaScript, React"
Backend Developer,"Python, Java, NodeJS, SQL, APIs"
Full Stack Developer,"HTML, CSS, JS, React, NodeJS, SQL"
Android Developer,"Java, Kotlin, Android SDK, APIs"
iOS Developer,"Swift, iOS SDK, Xcode, APIs"
Software Engineer,"DSA, OOP, Java, Python, System Design"
Web Developer,"HTML, CSS, JavaScript, APIs"
Game Developer,"C++, Unity, Unreal Engine, Game Design"
Cybersecurity Analyst,"Networking, Security, Linux, Cryptography"
Ethical Hacker,"Penetration Testing, Networking, Security Tools"
Blockchain Developer,"Solidity, Ethereum, Smart Contracts, Web3"
Database Administrator,"SQL, Database Design, Performance Tuning"
Big Data Engineer,"Hadoop, Spark, Scala, Python, Data Pipelines"
Business Analyst,"Excel, SQL, Communication, Data Analysis"
Product Manager,"Product Strategy, Agile, Communication, UX"
UI/UX Designer,"Figma, Design Thinking, Prototyping"
QA Engineer,"Testing, Selenium, Automation, Debugging"
Automation Engineer,"Python, Selenium, CI/CD, Testing"
Site Reliability Engineer,"Linux, Monitoring, Cloud, Scripting"
Embedded Systems Engineer,"C, C++, Microcontrollers, IoT"
IoT Engineer,"Sensors, Embedded Systems, Networking, Python"
AR/VR Developer,"Unity, 3D Modeling, ARKit, VR"
Robotics Engineer,"Python, ROS, Control Systems, AI"
NLP Engineer,"Python, NLP, Transformers, Deep Learning"
Computer Vision Engineer,"Python, OpenCV, Deep Learning"
Bioinformatics Engineer,"Python, Genomics, Data Analysis"
FinTech Developer,"Python, Blockchain, Finance, APIs"
Salesforce Developer,"Apex, Lightning, CRM"
SAP Consultant,"SAP, ERP, Business Processes"
Network Engineer,"Networking, Routing, Switching, Security"
System Administrator,"Linux, Windows, Networking, Troubleshooting"
Technical Support Engineer,"Troubleshooting, Networking, OS"
Game Tester,"Testing, Debugging, Game Mechanics"
Data Engineer,"Python, SQL, ETL, Big Data"
AI Researcher,"Deep Learning, Research, Python, Math"
Quantitative Analyst,"Math, Python, Statistics, Finance"
Digital Marketing Specialist,"SEO, SEM, Analytics, Content"
Content Writer,"Writing, SEO, Research"
Technical Writer,"Documentation, Writing, APIs"
Cloud Architect,"AWS, Azure, GCP, Architecture"
Solutions Architect,"System Design, Cloud, APIs"
Mobile App Developer,"Flutter, React Native, APIs"
Python Developer,"Python, Django, Flask, APIs"
Java Developer,"Java, Spring, Hibernate, SQL"
C++ Developer,"C++, OOP, STL, Algorithms"